txn_id,from_account,to_account,amount,currency,timestamp,status
TXN000001,ACC00075,ACC00085,2473.72,INR,2026-04-25T17:30:00,completed
TXN000002,ACC00043,ACC00071,3826.22,USD,2026-04-27T10:55:00,completed
TXN000003,ACC00090,ACC00031,2880.4,INR,2026-04-16T01:20:00,pending
TXN000004,ACC00091,ACC00117,4066.47,USD,2026-06-19T20:09:00,pending
TXN000005,ACC00005,ACC00017,2536.34,USD,2026-01-26T14:06:00,flagged
TXN000006,ACC00117,ACC00059,125.97,INR,2026-04-15T20:09:00,completed
TXN000007,ACC00061,ACC00101,4847.56,USD,2026-06-09T22:25:00,completed
TXN000008,ACC00110,ACC00043,4269.09,USD,2026-03-23T20:45:00,pending
TXN000009,ACC00112,ACC00070,227.7,INR,2026-03-02T20:43:00,completed
TXN000010,ACC00030,ACC00096,497.38,INR,2026-06-12T22:55:00,completed
TXN000011,ACC00057,ACC00022,3485.31,INR,2026-01-12T10:50:00,completed
TXN000012,ACC00038,ACC00046,1905.46,INR,2026-03-04T16:26:00,flagged
TXN000013,ACC00088,ACC00102,941.28,INR,2026-01-21T19:55:00,pending
TXN000014,ACC00080,ACC00088,1242.11,INR,2026-03-01T14:40:00,completed
TXN000015,ACC00059,ACC00033,3350.86,USD,2026-03-15T21:34:00,completed
TXN000016,ACC00010,ACC00057,4728.92,USD,2026-06-13T13:44:00,completed
TXN000017,ACC00059,ACC00109,1545.5,USD,2026-05-04T03:15:00,pending
TXN000018,ACC00074,ACC00046,2895.32,USD,2026-01-06T21:25:00,completed
TXN000019,ACC00002,ACC00073,4332.08,INR,2026-06-05T23:31:00,completed
TXN000020,ACC00100,ACC00103,1189.09,USD,2026-02-26T20:12:00,flagged
TXN000021,ACC00033,ACC00087,3790.11,INR,2026-06-10T03:57:00,completed
TXN000022,ACC00040,ACC00101,2232.07,USD,2026-02-03T02:58:00,completed
TXN000023,ACC00042,ACC00096,2106.74,INR,2026-02-03T17:56:00,completed
TXN000024,ACC00068,ACC00065,4571.76,INR,2026-03-07T15:51:00,completed
TXN000025,ACC00096,ACC00112,1726.64,INR,2026-04-30T02:09:00,completed
TXN000026,ACC00111,ACC00087,3634.87,USD,2026-05-23T11:05:00,pending
TXN000027,ACC00002,ACC00034,2706.03,USD,2026-04-05T21:47:00,completed
TXN000028,ACC00075,ACC00049,4120.97,USD,2026-01-28T21:14:00,pending
TXN000029,ACC00004,ACC00080,4426.96,USD,2026-06-06T07:41:00,completed
TXN000030,ACC00082,ACC00106,2348.12,USD,2026-06-16T13:07:00,completed
TXN000031,ACC00006,ACC00005,1556.6,USD,2026-01-30T03:15:00,flagged
TXN000032,ACC00018,ACC00050,2295.54,USD,2026-05-31T23:46:00,completed
TXN000033,ACC00114,ACC00054,3291.86,USD,2026-06-07T13:17:00,completed
TXN000034,ACC00089,ACC00048,1125.48,USD,2026-03-02T11:06:00,completed
TXN000035,ACC00070,ACC00116,4890.32,USD,2026-01-16T12:17:00,completed
TXN000036,ACC00016,ACC00109,4129.75,INR,2026-06-19T06:41:00,flagged
TXN000037,ACC00003,ACC00007,3944.63,INR,2026-02-02T18:13:00,completed
TXN000038,ACC00107,ACC00098,2793.33,INR,2026-03-01T10:49:00,completed
TXN000039,ACC00101,ACC00116,3000.11,USD,2026-02-07T04:34:00,completed
TXN000040,ACC00103,ACC00023,594.14,INR,2026-02-03T00:22:00,completed
TXN000041,ACC00076,ACC00042,128.12,USD,2026-01-14T04:47:00,pending
TXN000042,ACC00068,ACC00015,3741.04,USD,2026-04-25T11:32:00,flagged
TXN000043,ACC00014,ACC00058,2544.0,INR,2026-06-18T16:19:00,pending
TXN000044,ACC00083,ACC00004,351.09,USD,2026-04-13T13:43:00,completed
TXN000045,ACC00063,ACC00092,4553.02,INR,2026-01-21T10:38:00,completed
TXN000046,ACC00009,ACC00017,1411.33,USD,2026-04-08T19:33:00,completed
TXN000047,ACC00059,ACC00065,3046.86,INR,2026-06-29T03:54:00,flagged
TXN000048,ACC00093,ACC00111,1114.36,USD,2026-02-28T13:21:00,pending
TXN000049,ACC00052,ACC00054,3661.58,USD,2026-04-20T10:42:00,completed
TXN000050,ACC00048,ACC00020,3449.76,USD,2026-01-18T02:53:00,completed
TXN000051,ACC00012,ACC00056,527.99,USD,2026-02-03T17:03:00,flagged
TXN000052,ACC00072,ACC00043,3366.57,USD,2026-04-01T21:48:00,pending
TXN000053,ACC00112,ACC00118,3619.25,USD,2026-06-03T09:22:00,completed
TXN000054,ACC00074,ACC00065,1103.06,USD,2026-02-27T03:22:00,flagged
TXN000055,ACC00048,ACC00015,3824.9,INR,2026-04-20T17:49:00,flagged
TXN000056,ACC00079,ACC00087,3231.36,INR,2026-06-05T21:53:00,completed
TXN000057,ACC00004,ACC00024,1402.69,USD,2026-03-28T11:00:00,completed
TXN000058,ACC00112,ACC00019,2853.29,USD,2026-01-18T04:47:00,completed
TXN000059,ACC00012,ACC00096,2675.89,USD,2026-04-18T14:21:00,completed
TXN000060,ACC00048,ACC00040,3621.9,INR,2026-01-14T04:10:00,flagged
TXN000061,ACC00007,ACC00087,453.83,USD,2026-06-19T13:31:00,flagged
TXN000062,ACC00057,ACC00054,1402.18,INR,2026-03-30T13:07:00,completed
TXN000063,ACC00087,ACC00076,2458.83,USD,2026-01-12T07:25:00,flagged
TXN000064,ACC00008,ACC00001,1061.89,INR,2026-02-05T08:18:00,completed
TXN000065,ACC00016,ACC00001,2512.06,USD,2026-02-14T04:24:00,flagged
TXN000066,ACC00091,ACC00030,2526.3,USD,2026-01-19T12:55:00,completed
TXN000067,ACC00056,ACC00003,2325.78,INR,2026-03-22T18:27:00,flagged
TXN000068,ACC00052,ACC00091,3218.7,USD,2026-01-30T12:01:00,completed
TXN000069,ACC00022,ACC00103,4740.69,USD,2026-06-26T11:05:00,pending
TXN000070,ACC00109,ACC00014,1254.42,USD,2026-05-15T02:25:00,completed
TXN000071,ACC00096,ACC00044,1146.78,INR,2026-01-20T16:40:00,completed
TXN000072,ACC00068,ACC00066,1009.82,USD,2026-03-31T23:52:00,completed
TXN000073,ACC00031,ACC00014,774.9,INR,2026-02-14T19:09:00,completed
TXN000074,ACC00023,ACC00099,3158.35,USD,2026-05-25T18:28:00,flagged
TXN000075,ACC00083,ACC00082,4933.33,USD,2026-06-10T10:09:00,pending
TXN000076,ACC00009,ACC00061,2238.93,USD,2026-03-12T18:03:00,completed
TXN000077,ACC00065,ACC00010,1586.52,USD,2026-01-10T01:23:00,completed
TXN000078,ACC00010,ACC00083,4328.04,INR,2026-06-07T19:32:00,pending
TXN000079,ACC00060,ACC00075,2793.87,INR,2026-04-26T18:41:00,completed
TXN000080,ACC00042,ACC00078,2404.36,INR,2026-01-16T14:06:00,completed
TXN000081,ACC00092,ACC00011,2547.52,INR,2026-01-11T07:45:00,pending
TXN000082,ACC00057,ACC00068,2637.6,INR,2026-04-04T11:58:00,completed
TXN000083,ACC00050,ACC00053,3883.6,INR,2026-06-11T20:21:00,completed
TXN000084,ACC00043,ACC00013,2811.92,USD,2026-03-14T08:46:00,flagged
TXN000085,ACC00112,ACC00020,1700.14,INR,2026-03-31T09:41:00,pending
TXN000086,ACC00017,ACC00077,3558.73,INR,2026-03-21T17:24:00,completed
TXN000087,ACC00105,ACC00017,3367.08,INR,2026-06-15T21:27:00,flagged
TXN000088,ACC00047,ACC00003,1844.86,INR,2026-02-24T10:49:00,pending
TXN000089,ACC00025,ACC00029,4999.88,INR,2026-01-20T09:54:00,completed
TXN000090,ACC00065,ACC00099,2721.87,INR,2026-06-19T10:56:00,flagged
TXN000091,ACC00017,ACC00077,1914.76,INR,2026-02-16T22:49:00,flagged
TXN000092,ACC00104,ACC00116,869.42,USD,2026-01-12T13:23:00,completed
TXN000093,ACC00057,ACC00079,1460.39,USD,2026-03-01T17:15:00,completed
TXN000094,ACC00104,ACC00101,2371.63,INR,2026-04-05T21:36:00,pending
TXN000095,ACC00060,ACC00099,1444.77,USD,2026-05-09T16:26:00,completed
TXN000096,ACC00105,ACC00026,4016.23,INR,2026-03-06T01:41:00,pending
TXN000097,ACC00112,ACC00048,2794.98,INR,2026-05-13T03:18:00,completed
TXN000098,ACC00098,ACC00021,1400.32,INR,2026-04-22T02:58:00,completed
TXN000099,ACC00105,ACC00058,4428.92,INR,2026-04-17T01:25:00,flagged
TXN000100,ACC00048,ACC00031,1961.52,INR,2026-04-06T07:01:00,completed
TXN000101,ACC00120,ACC00013,4203.92,USD,2026-02-07T04:02:00,completed
TXN000102,ACC00118,ACC00107,2388.65,INR,2026-06-30T15:28:00,flagged
TXN000103,ACC00001,ACC00116,442.17,USD,2026-02-25T04:35:00,flagged
TXN000104,ACC00068,ACC00055,600.37,USD,2026-03-02T09:07:00,completed
TXN000105,ACC00031,ACC00054,3212.81,USD,2026-01-17T03:53:00,pending
TXN000106,ACC00077,ACC00069,131.35,INR,2026-02-06T09:27:00,completed
TXN000107,ACC00079,ACC00046,1240.79,USD,2026-02-17T21:42:00,completed
TXN000108,ACC00068,ACC00047,385.01,INR,2026-04-10T15:02:00,pending
TXN000109,ACC00048,ACC00033,3749.22,USD,2026-01-18T11:15:00,completed
TXN000110,ACC00099,ACC00075,3689.18,USD,2026-02-04T01:22:00,flagged
TXN000111,ACC00044,ACC00105,3231.84,USD,2026-06-28T15:40:00,completed
TXN000112,ACC00104,ACC00018,362.35,USD,2026-01-10T09:12:00,completed
TXN000113,ACC00102,ACC00026,4434.66,USD,2026-03-21T16:25:00,flagged
TXN000114,ACC00061,ACC00033,231.27,INR,2026-03-15T11:55:00,completed
TXN000115,ACC00111,ACC00084,1693.03,INR,2026-04-05T13:56:00,pending
TXN000116,ACC00096,ACC00057,4478.46,USD,2026-03-28T05:31:00,pending
TXN000117,ACC00048,ACC00119,3996.59,USD,2026-01-22T23:27:00,completed
TXN000118,ACC00056,ACC00078,4975.74,INR,2026-05-20T09:20:00,completed
TXN000119,ACC00011,ACC00042,3321.55,USD,2026-04-25T19:45:00,pending
TXN000120,ACC00022,ACC00089,2247.35,USD,2026-01-11T23:55:00,completed
TXN000121,ACC00079,ACC00056,1409.05,INR,2026-01-20T21:40:00,pending
TXN000122,ACC00047,ACC00066,4015.43,INR,2026-01-08T04:54:00,flagged
TXN000123,ACC00087,ACC00101,2218.96,INR,2026-01-18T07:49:00,completed
TXN000124,ACC00047,ACC00050,4749.86,INR,2026-06-04T04:43:00,pending
TXN000125,ACC00048,ACC00057,3827.27,INR,2026-05-16T11:25:00,completed
TXN000126,ACC00084,ACC00036,1285.58,INR,2026-01-07T23:11:00,pending
TXN000127,ACC00067,ACC00050,4572.04,INR,2026-03-09T08:45:00,pending
TXN000128,ACC00028,ACC00079,1463.61,USD,2026-02-21T03:08:00,completed
TXN000129,ACC00058,ACC00023,4498.46,USD,2026-01-23T21:54:00,completed
TXN000130,ACC00086,ACC00045,3562.23,USD,2026-03-18T05:45:00,completed
TXN000131,ACC00102,ACC00047,2568.34,INR,2026-02-21T04:15:00,pending
TXN000132,ACC00004,ACC00047,2792.41,USD,2026-04-30T17:08:00,flagged
TXN000133,ACC00114,ACC00012,375.45,USD,2026-05-03T16:26:00,pending
TXN000134,ACC00106,ACC00074,415.07,USD,2026-06-14T02:28:00,pending
TXN000135,ACC00088,ACC00067,1755.35,INR,2026-02-03T13:32:00,completed
TXN000136,ACC00107,ACC00016,2614.61,USD,2026-02-12T05:20:00,completed
TXN000137,ACC00045,ACC00067,4479.88,INR,2026-03-06T06:40:00,flagged
TXN000138,ACC00036,ACC00017,3143.86,INR,2026-05-09T20:10:00,flagged
TXN000139,ACC00075,ACC00020,897.44,USD,2026-05-25T01:52:00,completed
TXN000140,ACC00011,ACC00006,4745.31,USD,2026-06-16T06:49:00,flagged
TXN000141,ACC00054,ACC00080,3213.01,USD,2026-06-10T17:18:00,completed
TXN000142,ACC00062,ACC00032,4033.21,USD,2026-03-18T14:04:00,completed
TXN000143,ACC00021,ACC00057,2107.33,USD,2026-02-22T10:38:00,completed
TXN000144,ACC00041,ACC00111,3605.9,USD,2026-04-13T04:48:00,completed
TXN000145,ACC00066,ACC00072,575.61,INR,2026-04-30T03:17:00,pending
TXN000146,ACC00032,ACC00019,529.22,USD,2026-04-09T19:26:00,completed
TXN000147,ACC00111,ACC00116,840.51,USD,2026-05-28T23:20:00,completed
TXN000148,ACC00098,ACC00021,2516.41,USD,2026-05-08T09:31:00,completed
TXN000149,ACC00012,ACC00051,2551.95,INR,2026-02-25T18:22:00,completed
TXN000150,ACC00007,ACC00037,2499.73,USD,2026-03-15T17:00:00,completed
TXN000151,ACC00056,ACC00018,4418.16,USD,2026-04-14T11:02:00,pending
TXN000152,ACC00007,ACC00073,2830.99,USD,2026-05-22T09:04:00,pending
TXN000153,ACC00065,ACC00058,3833.8,USD,2026-06-09T21:39:00,completed
TXN000154,ACC00017,ACC00013,1999.82,USD,2026-05-23T11:48:00,completed
TXN000155,ACC00026,ACC00078,2570.16,INR,2026-01-12T01:08:00,completed
TXN000156,ACC00103,ACC00061,2620.7,INR,2026-06-05T16:08:00,completed
TXN000157,ACC00120,ACC00079,1626.72,USD,2026-06-07T23:53:00,completed
TXN000158,ACC00076,ACC00044,2561.21,USD,2026-05-25T09:30:00,completed
TXN000159,ACC00048,ACC00043,3385.34,USD,2026-05-30T09:50:00,completed
TXN000160,ACC00077,ACC00061,1364.38,INR,2026-01-14T18:30:00,completed
TXN000161,ACC00068,ACC00081,3619.86,USD,2026-02-07T21:15:00,completed
TXN000162,ACC00074,ACC00090,593.98,INR,2026-04-23T10:26:00,completed
TXN000163,ACC00053,ACC00089,1059.26,USD,2026-01-16T22:08:00,flagged
TXN000164,ACC00027,ACC00072,1659.0,USD,2026-05-15T12:20:00,completed
TXN000165,ACC00059,ACC00117,2688.98,USD,2026-06-23T23:43:00,completed
TXN000166,ACC00079,ACC00062,1001.71,INR,2026-03-13T17:19:00,completed
TXN000167,ACC00039,ACC00099,1480.57,INR,2026-06-26T22:31:00,completed
TXN000168,ACC00062,ACC00045,2824.41,USD,2026-03-15T03:36:00,flagged
TXN000169,ACC00049,ACC00115,4901.79,USD,2026-02-07T09:02:00,completed
TXN000170,ACC00092,ACC00011,1764.5,USD,2026-06-17T08:47:00,pending
TXN000171,ACC00028,ACC00026,4148.36,USD,2026-05-24T22:17:00,completed
TXN000172,ACC00014,ACC00079,3717.41,INR,2026-03-04T01:42:00,flagged
TXN000173,ACC00029,ACC00082,1202.54,INR,2026-04-16T10:45:00,pending
TXN000174,ACC00013,ACC00088,3865.29,INR,2026-05-21T05:26:00,pending
TXN000175,ACC00062,ACC00084,1037.31,USD,2026-03-24T09:41:00,completed
TXN000176,ACC00117,ACC00099,492.83,INR,2026-05-17T23:46:00,completed
TXN000177,ACC00117,ACC00118,916.57,INR,2026-01-10T12:50:00,pending
TXN000178,ACC00024,ACC00120,3757.57,USD,2026-01-10T00:19:00,flagged
TXN000179,ACC00078,ACC00014,4645.85,USD,2026-03-14T14:41:00,flagged
TXN000180,ACC00068,ACC00064,4451.84,INR,2026-05-10T14:17:00,completed
TXN000181,ACC00104,ACC00015,1686.89,USD,2026-06-15T08:45:00,completed
TXN000182,ACC00002,ACC00095,1718.71,USD,2026-05-26T21:48:00,completed
TXN000183,ACC00023,ACC00079,4287.93,USD,2026-04-20T16:20:00,completed
TXN000184,ACC00052,ACC00086,522.16,INR,2026-05-03T10:59:00,completed
TXN000185,ACC00001,ACC00034,1948.69,USD,2026-03-10T10:19:00,flagged
TXN000186,ACC00093,ACC00074,106.61,USD,2026-06-27T07:03:00,completed
TXN000187,ACC00060,ACC00040,840.6,USD,2026-06-26T03:40:00,completed
TXN000188,ACC00048,ACC00079,1143.2,INR,2026-05-03T04:29:00,flagged
TXN000189,ACC00048,ACC00054,3524.61,USD,2026-05-18T21:52:00,completed
TXN000190,ACC00098,ACC00032,3417.69,INR,2026-05-15T14:33:00,completed
TXN000191,ACC00010,ACC00118,2842.64,INR,2026-05-21T16:12:00,flagged
TXN000192,ACC00069,ACC00020,864.46,USD,2026-01-30T21:13:00,flagged
TXN000193,ACC00063,ACC00012,4499.5,USD,2026-01-15T14:08:00,flagged
TXN000194,ACC00054,ACC00059,2841.36,USD,2026-06-22T09:46:00,completed
TXN000195,ACC00051,ACC00033,4091.44,INR,2026-05-29T02:02:00,pending
TXN000196,ACC00045,ACC00090,365.61,INR,2026-01-18T15:02:00,completed
TXN000197,ACC00053,ACC00024,3856.41,USD,2026-04-06T12:28:00,pending
TXN000198,ACC00049,ACC00011,3429.52,INR,2026-06-17T11:07:00,completed
TXN000199,ACC00069,ACC00051,2667.77,INR,2026-01-01T00:19:00,pending
TXN000200,ACC00087,ACC00093,2745.0,USD,2026-02-28T07:29:00,completed
TXN000201,ACC00020,ACC00036,982.98,INR,2026-01-09T21:26:00,flagged
TXN000202,ACC00099,ACC00120,4424.6,INR,2026-03-03T06:04:00,completed
TXN000203,ACC00077,ACC00005,2259.88,INR,2026-03-04T23:02:00,pending
TXN000204,ACC00057,ACC00030,2721.81,INR,2026-02-05T16:18:00,completed
TXN000205,ACC00105,ACC00118,3671.01,USD,2026-05-28T19:49:00,completed
TXN000206,ACC00031,ACC00039,4387.48,INR,2026-04-16T09:17:00,completed
TXN000207,ACC00072,ACC00076,4404.58,INR,2026-06-10T21:27:00,flagged
TXN000208,ACC00064,ACC00007,4862.84,USD,2026-05-15T10:44:00,pending
TXN000209,ACC00053,ACC00020,1534.45,INR,2026-05-18T15:15:00,completed
TXN000210,ACC00039,ACC00110,3552.51,USD,2026-01-15T17:26:00,pending
TXN000211,ACC00072,ACC00068,713.76,INR,2026-03-07T06:21:00,completed
TXN000212,ACC00119,ACC00058,4243.31,INR,2026-05-18T23:53:00,completed
TXN000213,ACC00007,ACC00035,1916.98,INR,2026-01-19T06:51:00,flagged
TXN000214,ACC00093,ACC00086,2816.31,USD,2026-02-23T10:19:00,completed
TXN000215,ACC00028,ACC00120,990.62,INR,2026-05-03T07:44:00,flagged
TXN000216,ACC00091,ACC00027,2013.33,INR,2026-05-22T10:49:00,completed
TXN000217,ACC00049,ACC00060,2691.57,USD,2026-03-20T08:23:00,flagged
TXN000218,ACC00113,ACC00064,2356.72,USD,2026-03-23T06:23:00,completed
TXN000219,ACC00053,ACC00006,2834.5,INR,2026-02-07T00:16:00,flagged
TXN000220,ACC00120,ACC00075,2916.76,USD,2026-03-17T04:12:00,completed
TXN000221,ACC00030,ACC00049,2870.46,INR,2026-05-08T17:41:00,completed
TXN000222,ACC00033,ACC00098,4116.88,USD,2026-04-28T05:46:00,completed
TXN000223,ACC00022,ACC00018,3615.55,USD,2026-02-17T17:41:00,completed
TXN000224,ACC00068,ACC00005,4203.39,INR,2026-06-21T01:48:00,completed
TXN000225,ACC00053,ACC00018,4220.6,INR,2026-01-18T22:09:00,completed
TXN000226,ACC00028,ACC00065,2307.25,INR,2026-06-08T20:42:00,flagged
TXN000227,ACC00117,ACC00062,3313.46,INR,2026-01-02T17:35:00,pending
TXN000228,ACC00002,ACC00003,2670.62,USD,2026-05-18T09:01:00,flagged
TXN000229,ACC00105,ACC00090,3386.46,INR,2026-01-28T03:33:00,completed
TXN000230,ACC00031,ACC00025,3117.92,USD,2026-04-01T08:50:00,pending
TXN000231,ACC00011,ACC00048,4798.52,USD,2026-05-25T07:44:00,completed
TXN000232,ACC00039,ACC00088,4148.91,INR,2026-06-17T20:48:00,completed
TXN000233,ACC00012,ACC00052,1927.36,USD,2026-01-15T20:00:00,completed
TXN000234,ACC00011,ACC00064,4234.38,USD,2026-05-25T03:57:00,flagged
TXN000235,ACC00118,ACC00006,1187.34,USD,2026-03-11T01:59:00,completed
TXN000236,ACC00088,ACC00119,1437.85,INR,2026-02-15T10:01:00,completed
TXN000237,ACC00076,ACC00019,3773.66,USD,2026-01-20T09:10:00,flagged
TXN000238,ACC00031,ACC00073,4181.52,USD,2026-06-23T17:21:00,pending
TXN000239,ACC00097,ACC00095,742.76,INR,2026-05-09T23:22:00,completed
TXN000240,ACC00013,ACC00056,1199.11,INR,2026-03-29T19:49:00,flagged
TXN000241,ACC00077,ACC00051,4846.16,USD,2026-01-08T20:17:00,pending
TXN000242,ACC00063,ACC00030,1811.27,USD,2026-04-21T05:43:00,flagged
TXN000243,ACC00085,ACC00049,474.19,USD,2026-03-05T22:04:00,completed
TXN000244,ACC00035,ACC00020,1931.0,INR,2026-04-10T10:23:00,completed
TXN000245,ACC00012,ACC00001,4717.65,USD,2026-04-03T08:06:00,completed
TXN000246,ACC00012,ACC00024,2183.35,USD,2026-01-27T00:05:00,completed
TXN000247,ACC00071,ACC00012,3004.78,USD,2026-04-09T00:18:00,pending
TXN000248,ACC00050,ACC00100,469.26,INR,2026-05-27T16:10:00,pending
TXN000249,ACC00022,ACC00018,1381.15,USD,2026-05-07T04:04:00,completed
TXN000250,ACC00056,ACC00036,2134.46,USD,2026-01-20T11:16:00,completed
TXN000251,ACC00093,ACC00081,2504.22,INR,2026-04-28T03:08:00,completed
TXN000252,ACC00001,ACC00051,1694.48,USD,2026-03-26T14:21:00,pending
TXN000253,ACC00105,ACC00106,4304.57,INR,2026-03-18T10:38:00,completed
TXN000254,ACC00062,ACC00041,929.3,USD,2026-03-23T09:47:00,pending
TXN000255,ACC00074,ACC00101,1250.0,USD,2026-03-13T12:23:00,completed
TXN000256,ACC00120,ACC00073,1039.01,INR,2026-06-24T17:01:00,pending
TXN000257,ACC00091,ACC00027,2220.35,USD,2026-06-27T02:52:00,pending
TXN000258,ACC00087,ACC00064,738.94,USD,2026-03-03T08:42:00,completed
TXN000259,ACC00092,ACC00055,3955.93,INR,2026-04-25T19:30:00,flagged
TXN000260,ACC00052,ACC00069,2557.73,USD,2026-05-20T01:50:00,completed
TXN000261,ACC00090,ACC00115,4070.87,INR,2026-01-28T07:42:00,completed
TXN000262,ACC00022,ACC00083,3082.76,USD,2026-03-26T13:06:00,completed
TXN000263,ACC00013,ACC00034,1148.91,INR,2026-04-25T11:25:00,pending
TXN000264,ACC00099,ACC00087,2963.52,INR,2026-03-30T00:30:00,completed
TXN000265,ACC00038,ACC00054,4606.71,INR,2026-01-30T23:09:00,completed
TXN000266,ACC00040,ACC00044,2303.9,INR,2026-05-14T15:22:00,pending
TXN000267,ACC00013,ACC00057,3623.87,USD,2026-03-23T02:19:00,completed
TXN000268,ACC00104,ACC00091,619.67,USD,2026-06-15T03:43:00,completed
TXN000269,ACC00120,ACC00095,1257.37,INR,2026-05-22T05:21:00,flagged
TXN000270,ACC00055,ACC00060,1197.68,USD,2026-06-11T05:11:00,pending
TXN000271,ACC00051,ACC00004,3700.07,INR,2026-04-26T18:27:00,pending
TXN000272,ACC00001,ACC00091,1113.24,USD,2026-06-30T02:36:00,completed
TXN000273,ACC00103,ACC00112,2707.6,USD,2026-03-25T06:29:00,completed
TXN000274,ACC00034,ACC00086,4320.05,USD,2026-06-02T12:39:00,pending
TXN000275,ACC00076,ACC00015,1772.23,USD,2026-06-08T05:52:00,completed
TXN000276,ACC00118,ACC00079,2971.33,INR,2026-03-22T03:15:00,completed
TXN000277,ACC00015,ACC00024,1897.87,INR,2026-05-11T12:26:00,flagged
TXN000278,ACC00018,ACC00074,1949.36,INR,2026-05-05T20:34:00,completed
TXN000279,ACC00072,ACC00022,2473.73,INR,2026-02-17T10:53:00,pending
TXN000280,ACC00080,ACC00007,4334.34,INR,2026-05-05T04:12:00,pending
TXN000281,ACC00072,ACC00065,3282.7,USD,2026-06-25T15:26:00,pending
TXN000282,ACC00063,ACC00022,459.22,INR,2026-02-26T09:02:00,completed
TXN000283,ACC00029,ACC00069,1478.92,USD,2026-05-25T23:49:00,pending
TXN000284,ACC00071,ACC00066,610.39,INR,2026-03-10T17:52:00,completed
TXN000285,ACC00070,ACC00106,3796.09,USD,2026-05-20T06:27:00,completed
TXN000286,ACC00095,ACC00107,3285.67,INR,2026-03-18T01:28:00,completed
TXN000287,ACC00045,ACC00111,4092.81,USD,2026-01-31T07:13:00,flagged
TXN000288,ACC00089,ACC00045,4312.19,USD,2026-02-12T19:08:00,completed
TXN000289,ACC00105,ACC00027,4036.93,USD,2026-05-17T08:38:00,flagged
TXN000290,ACC00022,ACC00042,4896.05,USD,2026-03-16T18:17:00,flagged
TXN000291,ACC00116,ACC00087,4085.15,INR,2026-04-16T01:17:00,completed
TXN000292,ACC00090,ACC00111,706.82,INR,2026-03-24T07:48:00,pending
TXN000293,ACC00063,ACC00019,2908.26,USD,2026-06-10T13:24:00,pending
TXN000294,ACC00010,ACC00082,3983.26,INR,2026-04-14T16:47:00,completed
TXN000295,ACC00089,ACC00120,4392.72,USD,2026-05-05T10:37:00,completed
TXN000296,ACC00112,ACC00100,4243.48,INR,2026-04-28T20:42:00,completed
TXN000297,ACC00109,ACC00009,3988.61,USD,2026-02-25T13:52:00,completed
TXN000298,ACC00064,ACC00035,1648.18,USD,2026-03-28T17:36:00,completed
TXN000299,ACC00073,ACC00110,2452.42,USD,2026-06-24T01:02:00,completed
TXN000300,ACC00081,ACC00101,4191.68,INR,2026-02-01T05:28:00,pending
TXN000301,ACC00001,ACC00055,1051.48,INR,2026-06-16T09:10:00,completed
TXN000302,ACC00012,ACC00084,1834.16,INR,2026-04-06T21:57:00,completed
TXN000303,ACC00007,ACC00051,3146.74,INR,2026-04-20T20:05:00,completed
TXN000304,ACC00001,ACC00028,2410.19,INR,2026-06-01T07:33:00,pending
TXN000305,ACC00002,ACC00090,1750.69,INR,2026-04-19T22:08:00,pending
TXN000306,ACC00010,ACC00030,1946.2,INR,2026-01-27T10:23:00,completed
TXN000307,ACC00018,ACC00049,3878.63,INR,2026-06-14T21:09:00,completed
TXN000308,ACC00068,ACC00073,91.95,INR,2026-04-23T11:46:00,completed
TXN000309,ACC00081,ACC00096,799.3,USD,2026-06-07T21:28:00,completed
TXN000310,ACC00012,ACC00115,547.3,INR,2026-05-31T23:24:00,completed
TXN000311,ACC00055,ACC00041,3965.83,INR,2026-03-12T20:05:00,completed
TXN000312,ACC00071,ACC00077,3020.04,USD,2026-06-26T00:54:00,completed
TXN000313,ACC00027,ACC00067,3054.29,INR,2026-04-11T09:41:00,completed
TXN000314,ACC00101,ACC00115,3979.2,INR,2026-05-07T12:07:00,completed
TXN000315,ACC00064,ACC00082,2989.95,INR,2026-04-03T10:08:00,pending
TXN000316,ACC00111,ACC00108,2863.48,USD,2026-05-20T21:11:00,pending
TXN000317,ACC00099,ACC00010,132.61,INR,2026-01-04T08:13:00,completed
TXN000318,ACC00119,ACC00008,4745.97,USD,2026-05-10T09:40:00,flagged
TXN000319,ACC00099,ACC00054,2146.7,USD,2026-01-22T20:34:00,flagged
TXN000320,ACC00079,ACC00020,1423.47,USD,2026-01-21T16:58:00,completed
TXN000321,ACC00104,ACC00020,2705.13,USD,2026-05-31T20:48:00,completed
TXN000322,ACC00040,ACC00090,2215.56,INR,2026-01-15T07:05:00,pending
TXN000323,ACC00015,ACC00059,3080.87,INR,2026-03-21T21:47:00,completed
TXN000324,ACC00016,ACC00002,3554.11,INR,2026-02-11T15:22:00,flagged
TXN000325,ACC00067,ACC00101,4121.41,USD,2026-02-12T11:08:00,completed
TXN000326,ACC00094,ACC00114,634.38,INR,2026-03-27T13:17:00,flagged
TXN000327,ACC00009,ACC00034,3576.0,INR,2026-05-08T14:32:00,completed
TXN000328,ACC00008,ACC00064,4303.83,INR,2026-04-05T05:16:00,completed
TXN000329,ACC00115,ACC00074,3386.9,INR,2026-02-28T23:32:00,completed
TXN000330,ACC00006,ACC00110,4321.5,INR,2026-01-12T15:23:00,pending
TXN000331,ACC00118,ACC00020,935.86,INR,2026-05-22T22:47:00,pending
TXN000332,ACC00029,ACC00042,1278.9,USD,2026-03-11T02:36:00,completed
TXN000333,ACC00016,ACC00065,3382.96,INR,2026-02-15T07:51:00,flagged
TXN000334,ACC00006,ACC00052,391.19,USD,2026-03-14T09:20:00,completed
TXN000335,ACC00071,ACC00059,89.45,INR,2026-03-16T18:50:00,completed
TXN000336,ACC00095,ACC00080,1250.79,USD,2026-06-01T15:49:00,completed
TXN000337,ACC00094,ACC00116,2755.47,INR,2026-02-08T00:59:00,pending
TXN000338,ACC00004,ACC00030,2730.65,INR,2026-03-27T00:48:00,pending
TXN000339,ACC00109,ACC00095,3649.71,INR,2026-02-22T16:15:00,pending
TXN000340,ACC00063,ACC00008,4864.17,INR,2026-03-13T02:02:00,completed
TXN000341,ACC00115,ACC00109,2622.81,USD,2026-04-28T23:05:00,flagged
TXN000342,ACC00013,ACC00065,710.89,USD,2026-01-20T18:36:00,completed
TXN000343,ACC00056,ACC00085,4822.88,INR,2026-03-16T08:54:00,completed
TXN000344,ACC00119,ACC00103,1995.12,USD,2026-03-23T14:17:00,completed
TXN000345,ACC00010,ACC00026,723.75,INR,2026-02-09T03:10:00,pending
TXN000346,ACC00060,ACC00041,2062.24,USD,2026-02-23T14:19:00,pending
TXN000347,ACC00034,ACC00110,643.57,INR,2026-06-25T09:52:00,flagged
TXN000348,ACC00006,ACC00028,4187.83,USD,2026-02-07T02:45:00,completed
TXN000349,ACC00046,ACC00051,2591.63,USD,2026-03-08T05:01:00,pending
TXN000350,ACC00110,ACC00058,2801.97,INR,2026-01-25T14:06:00,completed
TXN000351,ACC00016,ACC00002,355.26,INR,2026-02-03T06:52:00,pending
TXN000352,ACC00048,ACC00088,3169.97,INR,2026-05-30T18:16:00,completed
TXN000353,ACC00003,ACC00009,1028.86,USD,2026-02-02T02:57:00,completed
TXN000354,ACC00016,ACC00006,4714.29,INR,2026-02-13T18:27:00,pending
TXN000355,ACC00064,ACC00004,1944.51,USD,2026-02-14T11:13:00,completed
TXN000356,ACC00036,ACC00058,4422.95,INR,2026-06-07T19:39:00,completed
TXN000357,ACC00083,ACC00038,2519.51,USD,2026-01-16T02:17:00,pending
TXN000358,ACC00018,ACC00054,1037.32,INR,2026-06-11T17:50:00,completed
TXN000359,ACC00049,ACC00101,3581.18,USD,2026-05-20T15:22:00,flagged
TXN000360,ACC00065,ACC00042,1972.49,INR,2026-01-07T10:38:00,completed
TXN000361,ACC00004,ACC00115,4062.91,USD,2026-01-15T15:33:00,completed
TXN000362,ACC00099,ACC00075,4998.05,INR,2026-01-26T07:42:00,completed
TXN000363,ACC00035,ACC00069,4090.61,INR,2026-02-26T18:54:00,pending
TXN000364,ACC00046,ACC00120,4204.15,INR,2026-02-15T07:37:00,completed
TXN000365,ACC00104,ACC00095,3503.25,INR,2026-06-30T22:22:00,flagged
TXN000366,ACC00073,ACC00019,2837.39,INR,2026-05-07T17:19:00,completed
TXN000367,ACC00063,ACC00005,496.77,INR,2026-06-04T07:01:00,flagged
TXN000368,ACC00062,ACC00001,1692.08,INR,2026-02-03T10:45:00,completed
TXN000369,ACC00118,ACC00103,4229.21,USD,2026-01-16T00:09:00,flagged
TXN000370,ACC00091,ACC00118,751.18,INR,2026-05-15T11:04:00,completed
TXN000371,ACC00091,ACC00085,2008.2,INR,2026-03-28T09:20:00,completed
TXN000372,ACC00021,ACC00094,4746.03,USD,2026-06-16T10:11:00,flagged
TXN000373,ACC00089,ACC00114,4647.78,USD,2026-02-27T21:37:00,completed
TXN000374,ACC00049,ACC00040,3683.28,USD,2026-02-02T05:46:00,completed
TXN000375,ACC00090,ACC00074,1988.43,INR,2026-02-16T19:20:00,flagged
TXN000376,ACC00029,ACC00082,2849.47,USD,2026-02-06T10:47:00,completed
TXN000377,ACC00031,ACC00045,4912.78,INR,2026-06-12T02:52:00,completed
TXN000378,ACC00058,ACC00002,1362.8,INR,2026-06-27T02:22:00,completed
TXN000379,ACC00101,ACC00014,3616.05,INR,2026-04-09T14:46:00,pending
TXN000380,ACC00022,ACC00114,2099.39,USD,2026-03-31T17:24:00,completed
TXN000381,ACC00107,ACC00062,3954.21,INR,2026-02-11T14:04:00,completed
TXN000382,ACC00038,ACC00003,1627.65,INR,2026-01-19T10:10:00,pending
TXN000383,ACC00021,ACC00094,421.26,INR,2026-03-28T19:39:00,pending
TXN000384,ACC00091,ACC00004,2185.05,INR,2026-06-05T13:10:00,completed
TXN000385,ACC00013,ACC00043,1067.47,INR,2026-04-15T22:35:00,flagged
TXN000386,ACC00034,ACC00085,1443.54,INR,2026-01-25T01:25:00,flagged
TXN000387,ACC00071,ACC00108,2480.19,INR,2026-04-03T00:27:00,completed
TXN000388,ACC00038,ACC00106,3327.0,USD,2026-02-21T03:01:00,completed
TXN000389,ACC00022,ACC00082,1494.47,INR,2026-05-02T03:19:00,pending
TXN000390,ACC00061,ACC00063,4479.64,USD,2026-01-24T20:34:00,pending
TXN000391,ACC00024,ACC00048,4433.19,USD,2026-02-17T14:02:00,completed
TXN000392,ACC00057,ACC00060,1353.83,USD,2026-05-25T01:09:00,completed
TXN000393,ACC00011,ACC00086,1751.77,USD,2026-05-31T07:35:00,completed
TXN000394,ACC00108,ACC00050,4101.11,USD,2026-05-18T21:55:00,pending
TXN000395,ACC00074,ACC00113,1216.43,USD,2026-01-21T12:57:00,completed
TXN000396,ACC00065,ACC00074,4507.25,INR,2026-01-31T14:11:00,completed
TXN000397,ACC00028,ACC00104,1003.99,INR,2026-04-19T02:43:00,pending
TXN000398,ACC00026,ACC00106,3154.77,USD,2026-03-23T23:58:00,completed
TXN000399,ACC00012,ACC00050,2804.0,USD,2026-03-12T16:29:00,completed
TXN000400,ACC00101,ACC00090,3134.14,USD,2026-01-29T13:09:00,completed
TXN000401,ACC00013,ACC00073,1022.61,USD,2026-01-10T05:17:00,pending
TXN000402,ACC00120,ACC00073,373.32,USD,2026-01-10T12:56:00,completed
TXN000403,ACC00014,ACC00073,1411.98,INR,2026-05-02T08:57:00,completed
TXN000404,ACC00074,ACC00073,138.44,USD,2026-03-21T08:53:00,pending
TXN000405,ACC00101,ACC00073,1730.65,INR,2026-02-28T04:19:00,pending
TXN000406,ACC00102,ACC00073,1570.66,USD,2026-03-10T23:26:00,flagged
TXN000407,ACC00037,ACC00073,1326.55,INR,2026-04-24T06:58:00,pending
TXN000408,ACC00113,ACC00073,1507.8,USD,2026-01-15T16:50:00,completed
TXN000409,ACC00069,ACC00073,224.67,USD,2026-02-04T16:56:00,flagged
TXN000410,ACC00114,ACC00073,155.0,INR,2026-02-21T01:15:00,completed
TXN000411,ACC00045,ACC00073,967.25,USD,2026-06-30T06:17:00,completed
TXN000412,ACC00053,ACC00073,1664.66,USD,2026-06-12T03:43:00,completed
TXN000413,ACC00034,ACC00073,559.68,USD,2026-06-02T14:11:00,pending
TXN000414,ACC00050,ACC00073,1215.07,USD,2026-03-30T05:53:00,completed
TXN000415,ACC00085,ACC00073,1523.03,INR,2026-03-14T00:24:00,completed
TXN000416,ACC00021,ACC00076,1582.58,INR,2026-05-02T04:41:00,completed
TXN000417,ACC00111,ACC00076,1242.17,INR,2026-02-27T08:38:00,completed
TXN000418,ACC00074,ACC00076,1454.21,USD,2026-04-19T12:54:00,completed
TXN000419,ACC00101,ACC00076,972.1,INR,2026-04-30T09:43:00,flagged
TXN000420,ACC00028,ACC00076,1666.19,USD,2026-05-30T03:00:00,flagged
TXN000421,ACC00029,ACC00076,1998.92,USD,2026-05-24T20:38:00,flagged
TXN000422,ACC00084,ACC00076,637.09,INR,2026-05-04T02:21:00,completed
TXN000423,ACC00088,ACC00076,1317.13,USD,2026-03-08T20:45:00,completed
TXN000424,ACC00027,ACC00076,457.88,INR,2026-01-15T19:25:00,completed
TXN000425,ACC00035,ACC00076,1393.44,INR,2026-06-17T15:18:00,completed
TXN000426,ACC00085,ACC00076,1823.13,USD,2026-04-10T23:02:00,flagged
TXN000427,ACC00053,ACC00076,1445.33,INR,2026-03-29T23:45:00,completed
TXN000428,ACC00066,ACC00076,1404.0,USD,2026-06-21T11:32:00,completed
TXN000429,ACC00003,ACC00076,1706.3,INR,2026-03-17T03:30:00,completed
TXN000430,ACC00112,ACC00076,1507.75,INR,2026-06-24T10:41:00,completed
TXN000431,ACC00029,ACC00075,323.78,INR,2026-06-12T18:37:00,flagged
TXN000432,ACC00046,ACC00075,235.31,INR,2026-05-09T03:55:00,pending
TXN000433,ACC00097,ACC00075,1106.69,USD,2026-01-14T04:08:00,completed
TXN000434,ACC00113,ACC00075,751.07,USD,2026-02-06T10:55:00,completed
TXN000435,ACC00040,ACC00075,1579.99,USD,2026-03-27T20:11:00,completed
TXN000436,ACC00054,ACC00075,1305.55,INR,2026-04-26T08:13:00,completed
TXN000437,ACC00102,ACC00075,1194.93,INR,2026-05-06T02:08:00,flagged
TXN000438,ACC00115,ACC00075,924.05,USD,2026-04-14T13:30:00,pending
TXN000439,ACC00043,ACC00075,108.87,INR,2026-04-06T00:57:00,completed
TXN000440,ACC00048,ACC00075,1538.01,INR,2026-01-05T21:00:00,completed
TXN000441,ACC00034,ACC00075,529.9,USD,2026-03-21T04:06:00,pending
TXN000442,ACC00076,ACC00075,1056.34,USD,2026-02-12T02:52:00,completed
TXN000443,ACC00038,ACC00075,666.58,USD,2026-04-27T23:33:00,flagged
TXN000444,ACC00060,ACC00075,1095.82,USD,2026-06-25T04:21:00,pending
TXN000445,ACC00110,ACC00075,782.58,INR,2026-02-12T12:01:00,completed
TXN000446,ACC00029,ACC00098,1765.43,USD,2026-05-17T19:03:00,flagged
TXN000447,ACC00094,ACC00098,1989.89,INR,2026-06-17T00:03:00,completed
TXN000448,ACC00017,ACC00098,891.87,USD,2026-02-01T17:16:00,pending
TXN000449,ACC00028,ACC00098,1433.55,INR,2026-06-27T21:40:00,completed
TXN000450,ACC00003,ACC00098,672.12,INR,2026-06-19T16:17:00,flagged
TXN000451,ACC00076,ACC00098,1250.71,INR,2026-04-18T03:32:00,flagged
TXN000452,ACC00065,ACC00098,323.7,INR,2026-01-28T15:12:00,flagged
TXN000453,ACC00022,ACC00098,479.52,USD,2026-05-14T06:22:00,pending
TXN000454,ACC00016,ACC00098,661.17,INR,2026-05-21T15:58:00,completed
TXN000455,ACC00047,ACC00098,1407.59,USD,2026-03-26T07:00:00,completed
TXN000456,ACC00092,ACC00098,1376.1,INR,2026-05-27T21:31:00,completed
TXN000457,ACC00084,ACC00098,1903.95,INR,2026-01-26T08:41:00,completed
TXN000458,ACC00103,ACC00098,967.83,USD,2026-03-09T14:03:00,completed
TXN000459,ACC00005,ACC00098,1645.04,INR,2026-03-16T11:51:00,completed
TXN000460,ACC00049,ACC00098,909.39,INR,2026-01-25T01:00:00,completed
TXN000461,ACC00083,ACC00022,19461.07,USD,2026-01-06T02:23:00,completed
TXN000462,ACC00022,ACC00043,17514.96,USD,2026-01-02T03:25:00,completed
TXN000463,ACC00043,ACC00046,15763.47,USD,2026-01-04T08:53:00,completed
TXN000464,ACC00046,ACC00115,14187.12,USD,2026-01-06T15:51:00,completed
TXN000465,ACC00115,ACC00057,12768.41,USD,2026-01-06T05:07:00,completed
TXN000466,ACC00057,ACC00083,11491.57,INR,2026-01-06T23:03:00,completed
TXN000467,ACC00014,ACC00054,13792.1,USD,2026-01-02T19:24:00,completed
TXN000468,ACC00054,ACC00117,12412.89,USD,2026-01-05T00:55:00,completed
TXN000469,ACC00117,ACC00076,11171.6,INR,2026-01-04T15:07:00,completed
TXN000470,ACC00076,ACC00014,10054.44,USD,2026-01-04T01:04:00,completed
TXN000471,ACC00084,ACC00041,16135.15,INR,2026-01-06T10:33:00,completed
TXN000472,ACC00041,ACC00002,14521.63,INR,2026-01-04T21:46:00,completed
TXN000473,ACC00002,ACC00091,13069.47,INR,2026-01-04T11:42:00,completed
TXN000474,ACC00091,ACC00112,11762.52,USD,2026-01-02T17:57:00,completed
TXN000475,ACC00112,ACC00084,10586.27,INR,2026-01-01T20:59:00,completed
TXN000476,ACC00065,ACC00109,13950.02,INR,2026-01-01T15:20:00,completed
TXN000477,ACC00109,ACC00061,12555.02,INR,2026-01-03T08:03:00,completed
TXN000478,ACC00061,ACC00110,11299.52,INR,2026-01-05T20:24:00,completed
TXN000479,ACC00110,ACC00065,10169.56,USD,2026-01-02T02:29:00,completed
TXN000480,ACC00012,ACC00074,1606.22,USD,2026-01-21T00:06:00,pending
TXN000481,ACC00012,ACC00103,2449.96,INR,2026-01-03T19:39:00,completed
TXN000482,ACC00074,ACC00058,2850.16,USD,2026-01-12T01:52:00,completed
TXN000483,ACC00012,ACC00074,2460.53,USD,2026-01-12T22:28:00,completed
TXN000484,ACC00098,ACC00085,1742.99,USD,2026-01-18T16:23:00,completed
TXN000485,ACC00098,ACC00029,2223.48,USD,2026-01-04T08:39:00,completed
TXN000486,ACC00098,ACC00029,3755.76,USD,2026-01-07T14:52:00,completed
TXN000487,ACC00006,ACC00044,3202.51,USD,2026-01-15T21:37:00,flagged
TXN000488,ACC00014,ACC00054,515.18,INR,2026-01-18T13:53:00,flagged
TXN000489,ACC00054,ACC00014,2921.36,INR,2026-01-05T03:24:00,flagged
TXN000490,ACC00006,ACC00097,2264.39,USD,2026-01-14T19:58:00,completed
TXN000491,ACC00097,ACC00054,3872.58,USD,2026-01-15T04:08:00,pending
TXN000492,ACC00039,ACC00096,2991.56,INR,2026-01-07T06:39:00,completed
TXN000493,ACC00096,ACC00114,3934.67,INR,2026-01-17T17:44:00,completed
TXN000494,ACC00090,ACC00096,2467.98,USD,2026-01-18T09:56:00,pending
TXN000495,ACC00090,ACC00039,588.45,INR,2026-01-02T21:03:00,completed
TXN000496,ACC00096,ACC00114,3942.36,USD,2026-01-05T01:44:00,completed
TXN000497,ACC00097,ACC00005,3098.44,USD,2026-01-08T16:50:00,completed
TXN000498,ACC00005,ACC00097,3742.7,USD,2026-01-14T21:20:00,flagged
TXN000499,ACC00097,ACC00005,3102.84,INR,2026-01-20T14:53:00,completed
TXN000500,ACC00076,ACC00083,3216.51,INR,2026-01-10T14:11:00,completed
TXN000501,ACC00083,ACC00076,3072.78,INR,2026-01-13T01:27:00,completed
TXN000502,ACC00076,ACC00048,955.23,USD,2026-01-01T10:29:00,completed
TXN000503,ACC00091,ACC00083,3750.2,INR,2026-01-21T19:53:00,completed
TXN000504,ACC00097,ACC00048,755.08,USD,2026-01-17T07:11:00,flagged
